{"cameraMode":{"drawMode":0,"name":"Shaded","section":"Shading Mode"},"sceneLighting":false,"audioPlay":false,"sceneViewState":{"m_AlwaysRefresh":false,"showFog":true,"showSkybox":false,"showFlares":true,"showImageEffects":true,"showParticleSystems":true,"showVisualEffectGraphs":true,"m_FxEnabled":true},"in2DMode":false,"pivot":{"x":0.16395580768585206,"y":0.5509427785873413,"z":12.187662124633789},"rotation":{"x":0.24100886285305024,"y":-0.1391853541135788,"z":0.03493987023830414,"w":0.95986407995224},"size":13.62842845916748,"orthographic":true}