{"cameraMode":{"drawMode":0,"name":"Shaded","section":"Shading Mode"},"sceneLighting":false,"audioPlay":false,"sceneViewState":{"m_AlwaysRefresh":false,"showFog":true,"showSkybox":false,"showFlares":true,"showImageEffects":true,"showParticleSystems":true,"showVisualEffectGraphs":true,"m_FxEnabled":true},"in2DMode":false,"pivot":{"x":0.021345868706703187,"y":-0.07867114245891571,"z":0.018256187438964845},"rotation":{"x":0.12980002164840699,"y":-0.6516737341880798,"z":0.11457070708274842,"w":0.738536536693573},"size":0.7672981023788452,"orthographic":true}