{"cameraMode":{"drawMode":0,"name":"Shaded","section":"Shading Mode"},"sceneLighting":false,"audioPlay":false,"sceneViewState":{"m_AlwaysRefresh":false,"showFog":true,"showSkybox":false,"showFlares":true,"showImageEffects":true,"showParticleSystems":true,"showVisualEffectGraphs":true,"m_FxEnabled":true},"in2DMode":false,"pivot":{"x":0.6024152636528015,"y":1.465546727180481,"z":5.444883823394775},"rotation":{"x":0.034240081906318668,"y":-0.12113028019666672,"z":0.004172305576503277,"w":0.9920459389686585},"size":3.1839182376861574,"orthographic":true}