{"cameraMode":{"drawMode":0,"name":"Shaded","section":"Shading Mode"},"sceneLighting":false,"audioPlay":false,"sceneViewState":{"m_AlwaysRefresh":false,"showFog":true,"showSkybox":false,"showFlares":true,"showImageEffects":true,"showParticleSystems":true,"showVisualEffectGraphs":true,"m_FxEnabled":true},"in2DMode":false,"pivot":{"x":0.008754253387451172,"y":-0.9506254196166992,"z":-0.12338876724243164},"rotation":{"x":0.29853394627571108,"y":-0.08859724551439285,"z":0.027854807674884797,"w":0.9499197006225586},"size":1.5531889200210572,"orthographic":true}