{"cameraMode":{"drawMode":0,"name":"Shaded","section":"Shading Mode"},"sceneLighting":false,"audioPlay":false,"sceneViewState":{"m_AlwaysRefresh":false,"showFog":true,"showSkybox":false,"showFlares":true,"showImageEffects":true,"showParticleSystems":true,"showVisualEffectGraphs":true,"m_FxEnabled":true},"in2DMode":false,"pivot":{"x":0.04537099599838257,"y":0.200872004032135,"z":0.2284569889307022},"rotation":{"x":0.4383743405342102,"y":-0.14713355898857118,"z":0.07303263247013092,"w":0.8837052583694458},"size":0.5637826919555664,"orthographic":true}