{"cameraMode":{"drawMode":0,"name":"Shaded","section":"Shading Mode"},"sceneLighting":true,"audioPlay":false,"sceneViewState":{"m_AlwaysRefresh":false,"showFog":true,"showSkybox":true,"showFlares":true,"showImageEffects":true,"showParticleSystems":true,"showVisualEffectGraphs":true,"m_FxEnabled":true},"in2DMode":false,"pivot":{"x":-0.143385648727417,"y":-2.593616485595703,"z":-1.3790950775146485},"rotation":{"x":0.18025119602680207,"y":-0.13526609539985658,"z":0.025040045380592347,"w":0.9739648699760437},"size":3.214503288269043,"orthographic":true}