{"cameraMode":{"drawMode":0,"name":"Shaded","section":"Shading Mode"},"sceneLighting":false,"audioPlay":false,"sceneViewState":{"m_AlwaysRefresh":false,"showFog":true,"showSkybox":false,"showFlares":true,"showImageEffects":true,"showParticleSystems":true,"showVisualEffectGraphs":true,"m_FxEnabled":true},"in2DMode":false,"pivot":{"x":1.456590175628662,"y":-2.3641886711120607,"z":-1.2506060600280762},"rotation":{"x":0.14791452884674073,"y":-0.02373478189110756,"z":0.0035453245509415867,"w":0.9887187480926514},"size":0.6123724579811096,"orthographic":true}